Cluster,Age,k,N,Nsys,Z,bin_frac,Mc,Mdot,Lw,SNe,WR,WR2
ASCC_107,17.0,3093.9,457,46,0.0254,0.7963,172.0,4.60e-12,9.45e+22,0,0,0
ASCC_127,18.2,1616.2,239,24,0.014,0.42162,303.0,2.45e-10,1.05e+25,5,0,0
ASCC_16,13.5,2323.5,343,34,0.0215,0.40748,204.5,3.41e-10,1.47e+25,0,0,0
ASCC_19,10.5,2584.6,382,38,0.0142,0.3,172.5,7.45e-11,3.08e+24,0,0,0
ASCC_21,8.9,736.6,109,11,0.0108,0.2716,51.5,2.01e-12,7.15e+22,0,0,0
ASCC_32,25.1,8226.4,1215,122,0.0142,0.3,519.0,2.34e-11,6.60e+28,10,5,0
ASCC_79,18.6,9637.9,1424,142,0.0142,0.3,896.5,3.77e-09,3.33e+26,5,0,0
ASCC_9,29.5,8852.6,1308,131,0.0111,0.57914,883.5,9.65e-09,5.40e+26,0,0,0
Alessi_18,5.1,4278.7,632,63,0.0142,0.3,378.0,9.50e-08,1.86e+28,0,0,0
Alessi_19,25.7,1853.3,274,27,0.0142,0.3,163.0,9.90e-09,7.70e+26,0,0,0
Alessi_20,9.3,1909.2,282,28,0.0142,0.3,211.0,2.03e-10,8.50e+24,0,0,0
Alessi_43,11.5,7955.4,1175,118,0.0142,0.3,993.5,6.45e-08,8.50e+27,0,0,0
Alessi_59,10.0,2844.9,420,42,0.0142,0.3,139.5,1.79e-12,3.36e+22,0,0,0
Alessi_Teutsch_5,18.6,4539.8,671,67,0.0142,0.3,309.0,1.90e-09,1.31e+26,0,0,0
Andrews_Lindsay_5,1.0,13356.9,1973,197,0.0142,0.3,1062.0,6.45e-09,1.39e+27,0,0,0
Antalova_2,12.0,2083.3,308,31,0.0148,0.60526,138.0,2.81e-12,4.84e+22,0,0,0
Aveni_Hunter_1,10.5,1404.4,207,21,0.0142,0.3,78.0,2.71e-13,6.65e+21,0,0,0
BDSB30,3.5,702.1,104,10,0.0142,0.3,36.0,0.00e+00,0.00e+00,0,0,0
BDSB91,14.1,1985.4,293,29,0.0142,0.3,147.5,4.52e-12,9.40e+22,0,0,0
BDSB93,15.8,969.6,143,14,0.0142,0.3,78.5,4.53e-13,1.33e+22,0,0,0
BDSB96,7.9,1487.4,220,22,0.0143,0.54545,143.0,4.18e-12,1.52e+23,0,0,0
BH_121,2.6,16117.6,2381,238,0.0142,0.3,1408.0,1.27e-07,2.92e+28,0,0,0
BH_150,21.9,8459.6,1250,125,0.0142,0.3,581.5,5.15e-10,2.16e+25,0,0,0
BH_151,15.8,5925.2,875,88,0.0142,0.3,577.0,3.51e-06,8.05e+26,10,0,0
BH_205,6.2,6099.2,901,90,0.02,0.60033,920.0,6.90e-09,9.55e+26,0,0,0
BH_221,10.7,7103.6,1049,105,0.0142,0.3,642.5,2.34e-09,1.58e+26,0,0,0
BH_23,28.8,1211.8,179,18,0.0138,0.53614,130.0,4.75e-09,2.78e+26,0,0,0
BH_245,4.7,7254.8,1072,107,0.0142,0.3,880.5,9.85e-07,1.67e+29,0,0,0
BH_54,8.7,6897.3,1019,102,0.0142,0.3,617.0,2.61e-09,1.79e+26,0,0,0
BH_56,17.8,4457.7,659,66,0.0142,0.3,389.5,4.66e-06,2.40e+28,5,0,0
Basel_18,27.5,3136.0,463,46,0.0176,0.61538,277.0,1.70e-11,5.30e+23,0,0,0
Berkeley_14A,9.3,1456.0,215,22,0.0142,0.3,130.0,7.20e-11,2.97e+24,0,0,0
Berkeley_15,18.6,15651.0,2312,231,0.0103,0.57547,1229.0,1.09e-08,1.15e+27,0,0,0
Berkeley_4,21.4,6872.9,1015,102,0.0104,0.54545,504.0,9.10e-11,3.52e+24,0,0,0
Berkeley_47,21.9,9180.3,1356,136,0.0212,0.76667,654.0,1.59e-11,4.50e+28,10,5,0
Berkeley_59,1.3,17007.6,2513,251,0.0142,0.3,1471.5,7.65e-07,2.00e+29,0,0,0
Berkeley_62,14.8,9324.2,1378,138,0.0106,0.63425,744.5,3.27e-09,9.25e+30,10,0,0
Berkeley_63,18.2,8917.3,1317,132,0.0142,0.3,682.0,9.45e-10,4.05e+25,0,0,0
Berkeley_86,11.0,2569.0,380,38,0.0126,0.70229,204.5,2.38e-09,2.49e+26,0,0,0
Berkeley_87,8.3,17298.2,2556,256,0.016,0.69112,1363.5,3.93e-08,6.65e+27,0,0,0
Berkeley_90,5.1,10704.6,1582,158,0.0142,0.3,841.5,4.81e-07,8.75e+28,0,0,0
Berkeley_94,15.5,6233.8,921,92,0.0108,0.58947,324.0,8.30e-12,2.00e+23,0,0,0
Berkeley_95,12.0,4349.8,643,64,0.0142,0.3,301.5,6.00e-10,2.82e+25,0,0,0
Berkeley_97,15.1,7552.1,1116,112,0.0114,0.65766,684.5,1.66e-08,1.93e+27,0,0,0
Bica_3,15.8,10629.5,1570,157,0.0142,0.3,794.0,3.24e-09,2.72e+31,10,0,0
Biurakan_2,9.3,4108.6,607,61,0.0151,0.73494,227.0,1.79e-10,7.95e+24,0,0,0
Bochum_11,6.3,4890.0,722,72,0.0142,0.3,524.0,1.61e-07,2.83e+28,0,0,0
Bochum_13,8.9,6718.0,993,99,0.0142,0.3,534.5,3.78e-09,5.15e+26,0,0,0
Bochum_6,6.5,6679.9,987,99,0.0142,0.3,456.0,1.38e-10,6.05e+24,0,0,0
COIN-Gaia_16,25.7,1992.5,294,29,0.0142,0.3,261.0,4.37e-08,2.39e+27,5,0,0
COIN-Gaia_21,28.2,2511.4,371,37,0.0133,0.62687,326.5,1.56e-08,4.41e+31,10,10,0
Collinder_106,24.5,6671.6,986,99,0.0142,0.3,364.0,1.83e-10,7.50e+24,0,0,0
Collinder_107,18.2,8303.4,1227,123,0.0142,0.3,747.0,6.35e-05,1.79e+35,10,5,0
Collinder_132,24.5,2879.6,425,42,0.0142,0.3,194.5,5.50e-10,2.39e+25,5,5,0
Collinder_135,26.3,4505.3,666,67,0.0142,0.3,381.0,2.59e-06,1.29e+28,5,0,0
Collinder_140,26.9,1991.7,294,29,0.014,0.33696,116.5,7.45e-11,2.94e+24,0,0,0
Collinder_197,14.1,6910.5,1021,102,0.0142,0.3,434.0,1.21e-11,2.47e+23,0,0,0
Collinder_205,4.6,7513.7,1110,111,0.015,0.72414,772.0,3.34e-08,6.80e+27,0,0,0
Collinder_419,19.5,2083.3,308,31,0.0128,0.39437,226.5,1.76e-07,1.25e+28,0,0,0
Collinder_469,9.5,5186.6,766,77,0.0142,0.3,481.5,1.79e-07,4.93e+32,10,5,0
Collinder_69,12.6,7868.1,1162,116,0.0142,0.3,691.0,7.70e-09,1.15e+27,0,0,0
Collinder_95,19.1,2262.1,334,33,0.011,0.46888,226.5,4.50e-09,3.67e+26,0,0,0
Czernik_31,29.5,6949.1,1027,103,0.0101,0.67033,598.5,5.30e-11,1.93e+24,0,0,0
Czernik_40,25.1,13244.7,1957,196,0.0142,0.3,1083.0,5.20e-05,4.20e+27,10,5,0
Czernik_41,12.9,28432.7,4201,420,0.0142,0.3,2620.0,4.56e-07,6.20e+28,5,5,0
Czernik_6,28.2,2863.7,423,42,0.0113,0.7,192.0,2.15e-11,7.90e+23,0,0,0
DB2001_22,17.2,2362.8,349,35,0.0142,0.3,211.0,0.00e+00,0.00e+00,10,5,0
DBSB_101,11.2,4624.7,683,68,0.0142,0.3,351.5,7.80e-06,1.39e+27,0,0,0
DBSB_104,26.9,1047.6,155,16,0.0142,0.3,104.0,4.12e-12,1.42e+23,0,0,0
DBSB_21,9.5,1766.8,261,26,0.0142,0.3,99.0,2.20e-12,4.04e+22,0,0,0
DBSB_3,3.8,4550.7,672,67,0.0142,0.3,559.5,1.63e-12,3.46e+22,0,0,0
DBSB_43,24.5,3769.1,557,56,0.0142,0.3,343.5,3.48e-08,2.66e+27,0,0,0
DBSB_60,5.6,3521.3,520,52,0.0142,0.3,285.5,1.99e-11,7.20e+23,0,0,0
DC_5,1.1,23961.6,3540,354,0.0142,0.3,1859.5,1.16e-06,3.12e+29,0,0,0
Danks_1,1.0,54214.2,8010,801,0.0142,0.3,4461.0,6.80e-07,1.77e+29,0,0,0
Danks_2,2.0,96204.2,14213,1421,0.0142,0.3,8764.5,5.05e-06,1.22e+30,0,0,0
Dias_5,9.5,4113.7,608,61,0.0165,0.51246,408.5,1.79e-07,1.86e+28,0,0,0
Dolidze_11,22.4,4526.3,669,67,0.0142,0.3,287.0,9.25e-12,2.15e+23,0,0,0
Dolidze_16,16.6,3072.6,454,45,0.0142,0.3,169.5,2.87e-12,6.45e+22,0,0,0
Dolidze_3,8.9,1918.9,284,28,0.0145,0.68033,130.5,4.20e-11,1.75e+24,0,0,0
Dolidze_53,6.9,2757.3,407,41,0.0142,0.3,279.5,6.65e-08,1.18e+28,0,0,0
Dolidze_8,15.5,1192.1,176,18,0.0142,0.3,81.5,2.00e-12,3.89e+22,0,0,0
FSR_0158,10.2,2174.1,321,32,0.0142,0.3,203.5,1.33e-09,7.40e+25,0,0,0
FSR_0165,15.5,14775.7,2183,218,0.0142,0.3,1233.5,9.40e-10,2.67e+30,10,0,0
FSR_0198,4.7,6082.4,899,90,0.018,0.67969,428.0,8.75e-10,6.00e+25,0,0,0
FSR_0398,18.2,3034.3,448,45,0.0127,0.73684,251.5,4.40e-10,1.90e+25,0,0,0
FSR_0451,13.5,17251.4,2549,255,0.0142,0.3,1289.5,8.70e-09,8.10e+26,0,0,0
FSR_0534,25.7,8354.1,1234,123,0.0142,0.3,765.0,5.80e-09,3.43e+26,0,0,0
FSR_0551,13.5,2878.7,425,42,0.0123,0.66102,233.0,2.96e-10,1.27e+25,0,0,0
FSR_0826,4.6,3215.7,475,48,0.0142,0.3,218.0,1.47e-11,5.80e+23,0,0,0
FSR_0833,16.6,3279.8,485,48,0.0142,0.3,198.0,2.65e-12,4.34e+22,0,0,0
FSR_0904,21.9,7500.7,1108,111,0.0114,0.47581,714.5,2.78e-07,1.17e+28,0,0,0
FSR_1117,15.5,767.4,113,11,0.0142,0.3,54.0,0.00e+00,0.00e+00,0,0,0
FSR_1297,5.0,2136.4,316,32,0.0142,0.3,316.0,2.06e-09,3.96e+26,0,0,0
FSR_1335,11.2,2185.0,323,32,0.0142,0.3,150.5,7.85e-11,3.33e+24,0,0,0
FSR_1342,25.7,9377.4,1385,138,0.0101,0.61143,857.0,8.60e-09,2.43e+31,10,5,0
FSR_1352,3.5,2115.6,313,31,0.0142,0.3,129.0,2.14e-11,8.75e+23,0,0,0
FSR_1435,1.0,5451.6,805,80,0.0142,0.3,514.5,1.73e-08,3.95e+27,0,0,0
Graham_1,15.5,3708.6,548,55,0.0142,0.3,272.0,4.22e-09,5.55e+26,0,0,0
Gulliver_10,9.3,1211.8,179,18,0.0142,0.3,70.5,0.00e+00,0.00e+00,0,0,0
Gulliver_2,6.6,3222.2,476,48,0.0142,0.3,351.5,2.72e-07,4.31e+28,0,0,0
Gulliver_29,10.7,21921.7,3239,324,0.0142,0.3,1633.0,1.14e-08,3.25e+31,10,10,5
Gulliver_46,11.7,9695.9,1432,143,0.0142,0.3,774.0,7.70e-09,8.50e+26,0,0,0
Gulliver_48,18.2,9178.5,1356,136,0.0142,0.3,919.0,7.90e-09,9.85e+26,10,0,0
Gulliver_6,16.6,5027.1,743,74,0.0131,0.35657,396.5,7.80e-11,2.21e+29,10,10,5
Gulliver_8,21.4,1534.7,227,23,0.0135,0.66667,138.0,4.28e-11,1.61e+24,0,0,0
Gulliver_9,17.8,3956.0,584,58,0.0142,0.3,237.5,1.23e-11,3.09e+23,0,0,0
Haffner_13,20.4,3350.8,495,50,0.0125,0.39305,253.0,4.57e-12,1.12e+23,0,0,0
Haffner_15,25.7,18158.1,2683,268,0.0142,0.3,1366.5,5.15e-10,2.06e+25,20,20,0
Haffner_18,14.1,9880.4,1460,146,0.0142,0.3,889.0,9.65e-09,1.24e+27,0,0,0
Havlen_Moffat_1,8.9,9054.4,1338,134,0.0142,0.3,634.0,8.40e-10,4.17e+25,0,0,0
Hogg_10,6.1,1768.8,261,26,0.0142,0.3,139.5,4.65e-10,2.17e+25,0,0,0
Hogg_15,2.2,13784.9,2037,204,0.0142,0.3,1188.5,1.21e-08,2.19e+27,0,0,0
Hogg_19,18.6,4786.4,707,71,0.0142,0.3,313.0,2.79e-10,1.17e+25,0,0,0
IC_1396,12.0,8537.3,1261,126,0.0142,0.3,708.5,1.61e-08,2.28e+27,0,0,0
IC_1442,19.5,14684.6,2170,217,0.0118,0.55102,1540.5,1.91e-10,7.80e+24,10,10,0
IC_1590,6.2,7558.5,1117,112,0.0106,0.78102,729.5,1.64e-07,3.01e+28,0,0,0
IC_1805,7.6,11971.2,1769,177,0.0142,0.3,688.0,1.66e-10,7.35e+24,0,0,0
IC_1848,15.8,26207.5,3872,387,0.0142,0.3,2673.5,8.55e-08,2.41e+32,10,10,5
IC_2391,28.8,2372.1,350,35,0.0189,0.22491,210.5,3.76e-11,1.41e+24,0,0,0
IC_2395,20.4,5626.5,831,83,0.0131,0.40443,903.0,2.72e-09,1.51e+26,0,0,0
IC_2581,10.2,7435.0,1098,110,0.0156,0.52074,708.0,1.08e-05,4.61e+27,0,0,0
IC_348,11.7,1514.8,224,22,0.0142,0.3,75.0,0.00e+00,0.00e+00,0,0,0
IC_4996,11.2,6037.4,892,89,0.0169,0.74627,410.0,8.50e-11,3.39e+24,0,0,0
IC_5146,1.0,1178.2,174,17,0.0142,0.3,107.0,1.84e-11,7.15e+23,0,0,0
Juchert_18,24.5,3129.2,462,46,0.0142,0.3,256.5,3.43e-12,2.79e+28,10,0,0
Juchert_19,8.1,3027.7,447,45,0.0142,0.3,191.0,2.28e-11,9.10e+23,0,0,0
Juchert_3,1.0,27306.8,4034,403,0.0142,0.3,2180.5,4.68e-08,1.07e+28,0,0,0
Juchert_9,11.5,4635.2,685,68,0.0142,0.3,318.0,3.02e-12,4.35e+22,0,0,0
King_10,17.4,26419.9,3903,390,0.0142,0.3,2319.5,3.17e-06,5.85e+27,20,10,0
King_12,18.6,9700.9,1433,143,0.0113,0.69767,1048.0,9.05e-07,1.80e+28,5,5,0
Koposov_53,16.2,6895.8,1019,102,0.0142,0.3,718.5,1.69e-07,5.25e+28,10,5,0
Kronberger_1,6.0,4415.6,652,65,0.0142,0.3,380.5,2.72e-07,4.61e+28,0,0,0
LDN_988e,4.7,276.7,41,4,0.0142,0.3,7.5,0.00e+00,0.00e+00,0,0,0
LP_403,26.3,14433.7,2132,213,0.0142,0.3,1116.0,2.24e-08,2.22e+32,10,5,0
L_1641S,4.2,1746.1,258,26,0.0142,0.3,203.0,8.00e-10,7.35e+25,0,0,0
Lynga_6,3.1,6122.4,905,90,0.0142,0.3,550.0,3.64e-09,3.64e+26,0,0,0
Mamajek_1,9.8,462.4,68,7,0.0142,0.3,17.0,0.00e+00,0.00e+00,0,0,0
Markarian_38,15.8,1031.2,152,15,0.0153,0.6,135.0,1.45e-11,5.10e+23,0,0,0
Markarian_50,11.5,4256.0,629,63,0.0142,0.3,429.0,5.10e-08,6.65e+27,0,0,0
Mayer_1,28.8,3422.2,506,51,0.0142,0.3,249.5,1.20e-10,4.61e+24,0,0,0
Muzzio_1,7.8,3688.3,545,54,0.0142,0.3,458.5,3.63e-10,1.03e+30,10,5,0
NGC_1444,9.8,1934.0,286,29,0.0142,0.3,149.5,2.12e-11,8.15e+23,0,0,0
NGC_1502,10.5,12214.5,1805,180,0.0096,0.74528,818.0,2.71e-10,1.18e+25,5,0,0
NGC_1579,3.8,3289.7,486,49,0.0142,0.3,242.0,1.66e-09,1.49e+26,0,0,0
NGC_1624,4.5,4300.8,635,64,0.0142,0.3,367.0,4.05e-07,7.75e+28,0,0,0
NGC_1893,4.4,15548.1,2297,230,0.0142,0.3,1108.0,3.72e-09,5.80e+26,0,0,0
NGC_1960,28.2,13142.7,1942,194,0.0134,0.53429,908.0,2.88e-11,9.50e+23,0,0,0
NGC_1980,13.2,1908.9,282,28,0.0142,0.3,104.0,5.95e-13,8.55e+21,0,0,0
NGC_2129,16.6,6646.3,982,98,0.0118,0.71717,346.5,2.83e-12,5.85e+22,0,0,0
NGC_2169,12.3,2815.6,416,42,0.0094,0.3211,178.0,3.11e-12,6.40e+22,0,0,0
NGC_2183,17.4,1123.2,166,17,0.0108,0.56805,142.5,7.55e-09,8.95e+26,0,0,0
NGC_2232,17.8,2561.8,378,38,0.0131,0.25448,247.5,3.56e-11,1.32e+24,0,0,0
NGC_2244,12.6,29244.9,4321,432,0.0142,0.3,2583.5,4.10e-06,1.13e+34,10,0,0
NGC_2264,27.5,4316.0,638,64,0.0129,0.3494,394.5,1.10e-08,7.30e+26,0,0,0
NGC_2362,5.8,7868.7,1163,116,0.0142,0.3,613.5,1.56e-09,9.95e+25,0,0,0
NGC_2367,14.1,2751.6,407,41,0.0142,0.3,207.0,6.25e-09,6.50e+26,0,0,0
NGC_2414,17.8,17786.3,2628,263,0.0085,0.50685,1295.0,2.91e-08,3.10e+27,0,0,0
NGC_2439,11.7,37625.5,5559,556,0.0094,0.5491,3081.0,1.03e-07,1.16e+28,5,0,0
NGC_2453,25.1,10585.0,1564,156,0.01,0.59829,762.0,8.90e-09,9.00e+26,5,5,0
NGC_2571,26.9,6798.4,1004,100,0.013,0.43868,470.5,5.05e-09,5.50e+26,5,5,0
NGC_2645,25.7,2887.3,427,43,0.0142,0.75,173.0,5.15e-11,2.05e+24,0,0,0
NGC_3105,21.9,13220.9,1953,195,0.0142,0.3,1345.5,2.62e-08,2.51e+27,0,0,0
NGC_3293,10.2,28173.4,4162,416,0.0148,0.6125,2385.0,1.39e-08,1.77e+27,0,0,0
NGC_3324,10.7,6112.1,903,90,0.0142,0.3,476.0,4.46e-09,4.72e+26,0,0,0
NGC_3572,4.8,7249.3,1071,107,0.0142,0.3,512.0,1.16e-11,3.45e+23,0,0,0
NGC_3590,26.3,13372.3,1976,198,0.0129,0.59606,964.0,9.35e-08,1.33e+28,10,10,0
NGC_3603,1.0,59700.4,8820,882,0.0142,0.3,5172.0,1.23e-04,2.72e+31,0,0,0
NGC_366,25.7,15085.4,2229,223,0.0142,0.3,1768.0,4.05e-10,3.53e+30,40,10,0
NGC_3766,22.9,35431.2,5235,524,0.0142,0.3,2893.5,1.76e-08,1.67e+32,25,10,0
NGC_4103,20.9,21495.8,3176,318,0.0142,0.3,1564.0,1.89e-08,5.35e+31,25,15,5
NGC_4463,28.8,4524.3,668,67,0.0193,0.5414,565.0,5.35e-11,1.52e+29,20,0,0
NGC_457,20.9,42582.2,6291,629,0.0142,0.3,3143.0,9.30e-08,1.01e+33,15,0,0
NGC_4755,12.0,45732.7,6757,676,0.0142,0.3,3466.0,7.20e-08,2.04e+32,15,15,5
NGC_5606,18.2,4411.5,652,65,0.0142,0.3,399.0,5.50e-07,2.50e+26,0,0,0
NGC_581,27.5,10734.0,1586,159,0.0119,0.69697,1372.0,2.90e-09,1.89e+26,5,5,0
NGC_6178,16.6,2520.7,372,37,0.0151,0.43284,156.0,6.10e-12,2.16e+23,0,0,0
NGC_6193,5.1,22626.8,3343,334,0.0142,0.3,2620.0,2.57e-06,4.02e+29,0,0,0
NGC_6231,13.8,44922.7,6637,664,0.0142,0.3,4713.5,1.24e-05,8.15e+33,30,0,0
NGC_6249,20.4,4874.4,720,72,0.0169,0.63736,504.5,2.08e-08,2.48e+27,5,0,0
NGC_6250,24.0,4301.0,635,64,0.0142,0.3,420.0,5.15e-08,3.50e+27,5,0,0
NGC_6318,9.8,30181.0,4459,446,0.0142,0.3,2925.0,4.95e-06,1.20e+34,10,10,5
NGC_6322,14.8,4593.8,679,68,0.0142,0.3,358.0,9.10e-12,2.61e+23,5,0,0
NGC_6357,1.0,17800.2,2630,263,0.0142,0.3,1602.5,8.00e-07,2.13e+29,0,0,0
NGC_6383,4.0,9534.7,1409,141,0.0142,0.3,682.5,1.56e-09,1.77e+26,0,0,0
NGC_6396,15.1,12714.7,1878,188,0.0142,0.3,971.0,3.25e-09,9.20e+30,10,10,0
NGC_6451,25.7,24046.7,3553,355,0.0142,0.3,1968.0,7.15e-08,2.02e+32,30,15,5
NGC_6531,12.9,9359.9,1383,138,0.0142,0.3,1089.5,1.06e-06,2.69e+33,15,0,0
NGC_654,9.8,34868.0,5151,515,0.0142,0.3,3107.0,2.48e-07,2.88e+28,0,0,0
NGC_6561,18.6,4278.3,632,63,0.0142,0.3,253.5,8.40e-12,2.87e+23,0,0,0
NGC_659,15.5,21061.4,3112,311,0.0117,0.54074,1994.5,2.72e-06,1.27e+27,0,0,0
NGC_6611,2.1,21637.2,3197,320,0.0142,0.3,1796.5,7.10e-07,1.72e+29,0,0,0
NGC_6613,18.2,1913.7,283,28,0.0142,0.3,127.5,6.15e-12,1.23e+23,0,0,0
NGC_663,29.5,56872.5,8402,840,0.0142,0.3,4439.5,1.56e-06,3.46e+27,5,0,0
NGC_6823,2.4,17574.7,2597,260,0.0142,0.3,1689.0,1.53e-07,3.52e+28,0,0,0
NGC_6834,19.1,24945.5,3685,368,0.0142,0.3,2006.5,3.26e-08,1.39e+32,20,20,5
NGC_6871,5.5,37026.6,5470,547,0.0142,0.3,3656.0,1.03e-04,2.92e+35,5,5,0
NGC_6910,13.5,16736.5,2473,247,0.0133,0.74408,1196.5,1.93e-09,1.27e+26,0,0,0
NGC_6913,21.9,9990.0,1476,148,0.0141,0.60166,904.5,6.60e-10,2.74e+25,0,0,0
NGC_7039,21.9,3129.6,462,46,0.0132,0.4,342.5,1.04e-07,5.95e+27,5,0,0
NGC_7067,6.2,10876.5,1607,161,0.0117,0.6381,1062.0,1.20e-06,1.27e+29,0,0,0
NGC_7128,26.3,18240.8,2695,270,0.0128,0.60241,1292.0,9.05e-08,8.55e+32,15,10,0
NGC_7129,21.4,1436.9,212,21,0.0142,0.3,104.5,7.60e-09,7.35e+26,0,0,0
NGC_7160,14.5,2986.1,441,44,0.0131,0.7971,332.5,2.55e-09,2.38e+26,0,0,0
NGC_7235,9.3,21165.0,3127,313,0.0106,0.44805,1645.5,3.91e-09,3.36e+26,0,0,0
NGC_7261,11.2,9772.1,1444,144,0.0142,0.3,680.5,3.19e-10,1.39e+25,0,0,0
NGC_7380,4.2,10622.2,1569,157,0.0142,0.3,803.5,2.53e-09,2.40e+26,0,0,0
NGC_7510,19.5,37016.4,5469,547,0.0092,0.73181,4302.5,5.65e-07,1.59e+33,20,20,5
NGC_7788,17.4,13450.3,1987,199,0.0142,0.3,1177.0,1.14e-09,6.60e+30,20,0,0
NGC_869,15.1,52022.7,7686,769,0.0142,0.3,3983.0,3.09e-08,2.14e+32,30,0,0
NGC_884,17.8,32828.8,4850,485,0.0142,0.3,2604.0,4.53e-08,4.99e+27,15,0,0
Negueruela_1,17.0,6015.2,889,89,0.0142,0.3,419.0,8.70e-10,4.01e+25,0,0,0
Patchick_94,3.5,46930.1,6934,693,0.0142,0.3,3853.5,1.85e-08,3.11e+27,0,0,0
Pismis_1,29.5,8039.5,1188,119,0.0142,0.3,654.0,2.27e-09,9.90e+25,0,0,0
Pismis_11,3.3,7852.2,1160,116,0.0144,0.80882,1178.0,1.22e-07,2.67e+28,0,0,0
Pismis_17,25.1,2106.2,311,31,0.0142,0.3,173.0,6.55e-10,2.71e+25,0,0,0
Pismis_27,5.4,2992.5,442,44,0.0113,0.74603,203.5,1.36e-09,2.69e+26,0,0,0
Pismis_5,10.0,3830.4,566,57,0.0126,0.66667,343.5,4.20e-11,1.61e+24,0,0,0
Pismis_Moreno_1,8.9,2333.4,345,34,0.0161,0.61404,104.5,4.10e-12,1.52e+23,0,0,0
Pozzo_1,9.5,4693.5,693,69,0.0129,0.23353,371.5,3.96e-09,6.95e+26,0,0,0
RSG_8,26.9,3023.1,447,45,0.0142,0.3,282.5,4.92e-10,1.99e+25,0,0,0
Riddle_4,26.9,5794.1,856,86,0.0142,0.3,434.5,2.01e-12,5.70e+27,10,0,0
Roslund_2,11.5,10112.5,1494,149,0.0142,0.3,864.5,2.21e-08,3.31e+27,0,0,0
Roslund_4,17.0,4492.8,664,66,0.0142,0.3,361.0,8.50e-12,2.23e+23,0,0,0
Ruprecht_127,13.5,10037.1,1483,148,0.0202,0.64242,1102.0,1.30e-08,1.39e+27,5,0,0
Ruprecht_138,9.5,14849.9,2194,219,0.0142,0.3,949.0,2.27e-10,9.40e+24,0,0,0
Ruprecht_32,5.0,3579.5,529,53,0.0142,0.3,331.0,1.02e-09,8.25e+25,0,0,0
Ruprecht_44,14.5,10303.4,1522,152,0.0083,0.57083,787.0,1.21e-09,5.70e+25,0,0,0
Ruprecht_47,29.5,4979.7,736,74,0.0142,0.3,289.5,8.90e-12,2.25e+23,0,0,0
Ruprecht_65,22.9,3461.8,511,51,0.0142,0.3,307.5,4.86e-13,1.37e+27,10,10,5
Ruprecht_71,21.4,3334.6,493,49,0.0177,0.61644,914.5,1.80e-10,1.55e+30,15,0,0
Ruprecht_77,12.3,2725.4,403,40,0.0142,0.3,184.0,3.15e-13,4.28e+21,0,0,0
Ruprecht_78,17.8,17898.9,2644,264,0.0142,0.3,1724.0,1.21e-08,1.22e+27,5,0,0
Ruprecht_94,24.5,5152.8,761,76,0.0142,0.3,636.5,2.67e-08,7.60e+31,10,15,5
SAI_113,8.9,7623.0,1126,113,0.0142,0.3,708.0,1.21e-08,1.81e+27,0,0,0
SAI_24,6.9,8367.3,1236,124,0.0137,0.75646,975.0,1.06e-05,1.40e+30,5,5,0
SAI_25,1.6,6584.9,973,97,0.0116,0.68794,850.5,2.99e-06,7.60e+29,0,0,0
Schuster_1,6.3,1282.4,189,19,0.0142,0.3,114.5,4.36e-11,1.81e+24,0,0,0
Sher_1,13.2,9830.3,1452,145,0.0142,0.3,940.0,2.71e-10,7.70e+29,10,10,0
Shorlin_1,3.2,2976.8,440,44,0.0142,0.3,281.5,1.97e-10,3.00e+25,0,0,0
Sigma_Ori,1.3,1677.5,248,25,0.0142,0.3,115.0,0.00e+00,0.00e+00,0,0,0
Skiff_J2330+60.2,20.4,5127.5,758,76,0.0142,0.3,456.0,5.40e-08,1.53e+32,10,15,5
Stephenson_1,28.2,1352.5,200,20,0.0216,0.26289,73.0,1.54e-12,2.70e+22,0,0,0
Stock_16,6.0,4661.1,689,69,0.0142,0.3,262.5,8.80e-12,3.03e+23,0,0,0
Stock_17,10.0,1221.9,181,18,0.0142,0.3,85.0,1.48e-10,6.50e+24,0,0,0
Stock_18,13.2,3432.4,507,51,0.0142,0.3,272.0,2.74e-09,4.30e+26,0,0,0
Stock_20,19.1,3656.3,540,54,0.0132,0.64286,529.0,3.91e-08,5.10e+27,5,5,0
Stock_8,14.5,25066.0,3703,370,0.0142,0.3,2118.5,2.86e-08,8.05e+31,10,0,0
Teutsch_1,27.5,5599.7,827,83,0.0079,0.52439,457.5,2.10e-10,8.40e+24,0,0,0
Teutsch_125,8.7,3452.6,510,51,0.0142,0.3,271.5,2.74e-10,1.22e+25,0,0,0
Teutsch_127,11.5,4887.5,722,72,0.0142,0.3,288.0,2.80e-10,1.25e+25,0,0,0
Teutsch_13,7.9,3517.8,520,52,0.0072,0.56024,158.5,0.00e+00,0.00e+00,0,0,0
Teutsch_23,5.6,7180.1,1061,106,0.0142,0.3,443.0,7.50e-10,3.67e+25,0,0,0
Teutsch_30,28.8,3230.6,477,48,0.0142,0.3,215.0,1.16e-10,4.57e+24,0,0,0
Teutsch_42,1.3,6451.7,953,95,0.0142,0.3,462.5,4.10e-10,7.60e+25,0,0,0
Teutsch_8,4.0,3311.6,489,49,0.0142,0.3,199.5,2.47e-13,5.90e+21,0,0,0
Teutsch_85,4.0,9990.8,1476,148,0.0142,0.3,619.0,5.10e-10,2.50e+25,0,0,0
Trumpler_1,28.8,8504.6,1256,126,0.0128,0.63946,816.5,9.90e-09,5.75e+26,0,0,0
Trumpler_11,27.5,6473.1,956,96,0.0142,0.3,615.5,4.08e-08,1.60e+27,10,0,0
Trumpler_15,8.9,12578.7,1858,186,0.0146,0.67089,913.5,5.05e-09,6.00e+26,0,0,0
Trumpler_16,13.5,15518.1,2293,229,0.0142,0.3,1240.0,4.98e-08,4.92e+27,5,0,0
Trumpler_17,20.0,14459.0,2136,214,0.0142,0.3,1160.0,2.30e-08,2.41e+27,0,0,0
UBC_101,28.2,7785.7,1150,115,0.0142,0.3,673.0,2.20e-08,1.24e+27,0,0,0
UBC_103,22.4,12865.6,1901,190,0.0142,0.3,891.0,4.13e-08,3.60e+32,10,10,0
UBC_10a,14.1,2901.5,429,43,0.0142,0.3,240.5,2.75e-12,7.80e+27,10,10,5
UBC_126,20.0,6273.1,927,93,0.0142,0.3,711.5,1.68e-07,4.73e+32,15,10,5
UBC_130,27.5,8969.1,1325,132,0.0142,0.3,558.0,5.70e-09,3.19e+26,0,0,0
UBC_135,24.0,9586.0,1416,142,0.0142,0.3,708.5,8.40e-10,7.75e+30,10,0,0
UBC_159,14.5,1662.3,246,25,0.0142,0.3,243.5,4.61e-09,7.00e+26,0,0,0
UBC_167,21.9,3266.6,483,48,0.0142,0.3,194.0,3.71e-12,9.40e+22,0,0,0
UBC_173,13.2,28327.4,4185,418,0.0142,0.3,2422.0,9.95e-09,7.55e+26,5,0,0
UBC_174,10.0,23641.9,3493,349,0.0142,0.3,1904.5,1.82e-07,1.89e+28,0,0,0
UBC_176,6.9,14448.0,2135,214,0.0142,0.3,1607.5,1.95e-07,3.16e+28,0,0,0
UBC_177,27.5,2724.1,402,40,0.018,0.71622,201.5,5.75e-13,8.15e+21,0,0,0
UBC_178,10.2,4244.0,627,63,0.0127,0.60526,290.0,1.40e-12,2.38e+22,0,0,0
UBC_17a,18.6,3279.6,485,48,0.0142,0.3,363.0,1.33e-09,1.24e+31,10,0,0
UBC_17b,11.5,2485.0,367,37,0.0142,0.3,199.0,7.80e-10,1.25e+26,0,0,0
UBC_182,13.5,2191.4,324,32,0.0142,0.3,83.5,0.00e+00,0.00e+00,0,0,0
UBC_186,23.4,43915.4,6488,649,0.0142,0.3,3602.5,1.61e-07,9.45e+32,40,15,0
UBC_187,17.8,1709.5,253,25,0.0142,0.3,141.5,2.40e-10,1.03e+25,0,0,0
UBC_188,26.3,5354.4,791,79,0.0142,0.3,469.0,2.20e-10,8.70e+24,5,0,0
UBC_19,6.9,2075.0,307,31,0.0142,0.3,158.0,2.23e-12,5.50e+22,0,0,0
UBC_190,18.6,8973.9,1326,133,0.0142,0.3,926.5,6.50e-07,1.51e+27,0,0,0
UBC_191,18.2,9717.3,1436,144,0.0142,0.3,917.0,6.50e-09,6.00e+26,5,0,0
UBC_204,14.8,4553.9,673,67,0.0142,0.3,458.5,5.10e-09,5.70e+26,0,0,0
UBC_207,15.1,1805.2,267,27,0.0142,0.3,143.0,9.35e-12,2.99e+23,0,0,0
UBC_224,14.8,16026.3,2368,237,0.0142,0.3,1393.5,8.40e-09,4.26e+31,35,10,5
UBC_236,18.2,6851.7,1012,101,0.0142,0.3,570.5,2.55e-08,3.16e+27,0,0,0
UBC_238,19.5,20117.6,2972,297,0.0142,0.3,1686.5,1.61e-08,4.52e+31,15,0,0
UBC_261,18.6,12374.7,1828,183,0.0142,0.3,1194.0,6.20e-09,1.75e+31,10,5,0
UBC_263,25.1,5653.5,835,84,0.0142,0.3,645.5,2.21e-06,8.80e+27,0,0,0
UBC_266,12.9,13266.1,1960,196,0.0142,0.3,1114.0,7.00e-09,7.35e+26,0,0,0
UBC_267,12.9,9709.4,1434,143,0.0142,0.3,855.5,1.85e-07,1.87e+28,10,5,0
UBC_287,23.4,7513.2,1110,111,0.0142,0.3,562.5,3.27e-09,9.25e+30,10,0,0
UBC_291,25.1,6127.2,905,90,0.0142,0.3,458.5,1.29e-09,3.67e+30,10,5,0
UBC_293,20.0,9364.3,1383,138,0.0142,0.3,659.0,1.92e-09,9.55e+25,0,0,0
UBC_31,26.3,4111.6,607,61,0.0106,0.39231,604.5,3.81e-10,1.54e+25,0,0,0
UBC_318,11.2,26886.0,3972,397,0.0142,0.3,2370.5,6.25e-06,9.65e+33,10,0,0
UBC_320,17.8,16252.9,2401,240,0.0142,0.3,1342.5,2.13e-08,1.74e+32,10,0,0
UBC_323,8.9,23037.2,3404,340,0.0142,0.3,1813.5,5.40e-07,4.65e+28,10,5,0
UBC_334,20.0,34307.6,5069,507,0.0142,0.3,2562.0,1.99e-08,1.95e+27,5,5,0
UBC_341,21.9,14438.6,2133,213,0.0142,0.3,1093.0,5.75e-08,5.85e+27,0,0,0
UBC_342,14.1,6539.0,966,97,0.0142,0.3,455.0,6.20e-11,2.38e+24,0,0,0
UBC_343,20.0,11009.2,1627,163,0.0142,0.3,1091.0,6.50e-07,1.81e+33,10,10,5
UBC_344,3.5,47141.1,6965,696,0.0142,0.3,4686.5,1.34e-05,2.11e+30,0,0,0
UBC_345,14.5,6724.1,993,99,0.0142,0.3,385.5,1.48e-10,6.05e+24,0,0,0
UBC_352,6.9,16376.7,2420,242,0.0142,0.3,1455.0,8.35e-08,1.44e+28,0,0,0
UBC_353,29.5,6202.9,916,92,0.0142,0.3,512.5,8.70e-11,3.22e+24,0,0,0
UBC_355,24.5,9913.6,1465,146,0.0142,0.3,988.5,4.36e-11,1.44e+24,10,10,0
UBC_357,6.6,16888.0,2495,250,0.0142,0.3,1463.5,3.98e-07,6.05e+28,0,0,0
UBC_367,21.9,3916.2,579,58,0.0142,0.3,473.0,2.15e-10,6.10e+29,10,5,0
UBC_368,22.4,3582.6,529,53,0.0142,0.3,332.0,7.50e-11,2.82e+24,10,0,0
UBC_379,18.2,6181.1,913,91,0.0142,0.3,587.0,1.20e-08,1.27e+27,0,0,0
UBC_385,19.5,2059.4,304,30,0.0142,0.3,88.5,0.00e+00,0.00e+00,0,0,0
UBC_386,6.5,2222.5,328,33,0.0154,0.68539,141.5,3.87e-13,1.08e+22,0,0,0
UBC_388,15.5,14200.5,2098,210,0.0142,0.3,1014.5,2.52e-06,7.50e+26,5,0,0
UBC_393,8.5,15130.2,2235,224,0.0142,0.3,1415.0,4.36e-06,4.93e+33,10,5,0
UBC_412,21.4,7751.1,1145,114,0.0142,0.3,657.5,3.73e-08,3.84e+27,0,0,0
UBC_414,29.5,3202.1,473,47,0.0142,0.3,226.5,6.60e-11,2.48e+24,0,0,0
UBC_415,23.4,901.2,133,13,0.0142,0.3,39.0,0.00e+00,0.00e+00,0,0,0
UBC_418,22.9,19867.3,2935,294,0.0142,0.3,1533.0,5.80e-08,1.63e+32,10,10,0
UBC_423,16.6,2951.8,436,44,0.0142,0.3,393.5,8.60e-12,2.77e+23,0,0,0
UBC_438,4.4,7027.3,1038,104,0.0142,0.3,644.0,1.68e-06,2.72e+29,0,0,0
UBC_455,13.2,2289.9,338,34,0.0142,0.3,112.5,2.58e-12,5.60e+22,0,0,0
UBC_464,14.1,6422.5,949,95,0.0142,0.3,430.5,3.76e-10,1.65e+25,0,0,0
UBC_468,11.0,6381.1,943,94,0.0142,0.3,664.0,1.06e-08,9.45e+31,20,5,0
UBC_479,20.4,3583.6,529,53,0.0163,0.74107,300.5,8.80e-10,3.78e+25,0,0,0
UBC_482,26.9,7368.5,1089,109,0.0142,0.3,550.5,9.40e-10,3.80e+25,0,0,0
UBC_487,26.3,3026.8,447,45,0.0142,0.3,154.0,3.44e-13,4.70e+21,0,0,0
UBC_489,10.5,8566.5,1266,127,0.0142,0.3,585.5,1.40e-09,1.12e+26,0,0,0
UBC_504,11.2,4066.2,601,60,0.0142,0.3,321.0,2.07e-09,1.23e+26,0,0,0
UBC_51,10.0,2740.9,405,40,0.0142,0.3,260.5,1.43e-07,1.46e+28,5,0,0
UBC_510,15.5,3571.6,528,53,0.0142,0.3,252.5,1.43e-10,5.90e+24,0,0,0
UBC_515,8.1,3935.3,581,58,0.0142,0.3,288.5,3.03e-10,1.39e+25,0,0,0
UBC_517,22.4,6023.8,890,89,0.0142,0.3,617.0,9.50e-08,8.70e+32,15,0,0
UBC_522,15.1,7243.7,1070,107,0.0142,0.3,765.5,1.58e-09,4.46e+30,10,10,5
UBC_525,11.7,5742.0,848,85,0.0142,0.3,394.0,4.47e-11,1.67e+24,0,0,0
UBC_526,18.2,2088.5,309,31,0.0142,0.3,197.5,1.06e-08,1.12e+27,0,0,0
UBC_535,17.8,4366.0,645,64,0.0142,0.3,398.0,1.31e-07,3.71e+32,10,10,0
UBC_541,21.9,12509.4,1848,185,0.0142,0.3,1234.5,7.75e-08,6.25e+27,5,0,0
UBC_547,15.1,26830.2,3964,396,0.0142,0.3,2028.0,2.91e-09,2.48e+26,0,0,0
UBC_552,11.2,7124.2,1053,105,0.0142,0.3,686.0,5.90e-07,3.06e+29,5,10,0
UBC_553,13.2,3579.9,529,53,0.0142,0.3,455.5,7.05e-10,2.00e+30,15,15,5
UBC_558,7.2,30041.9,4438,444,0.0142,0.3,2598.0,2.00e-07,3.23e+28,0,0,0
UBC_559,11.5,20231.6,2989,299,0.0142,0.3,1744.5,3.19e-08,4.67e+27,0,0,0
UBC_562,11.7,11315.5,1672,167,0.0142,0.3,967.0,1.24e-08,1.96e+27,10,5,0
UBC_564,25.7,10347.3,1529,153,0.0142,0.3,804.0,4.04e-08,2.37e+27,0,0,0
UBC_565,9.1,16662.4,2462,246,0.0142,0.3,1404.5,7.55e-08,1.11e+28,0,0,0
UBC_568,5.6,10078.7,1489,149,0.0142,0.3,852.5,3.58e-09,4.40e+26,0,0,0
UBC_578,21.9,3969.7,586,59,0.0142,0.3,216.5,1.14e-11,4.02e+23,0,0,0
UBC_584,14.1,2103.0,311,31,0.0142,0.3,226.0,1.83e-12,5.20e+27,10,0,0
UBC_587,14.5,8516.5,1258,126,0.0142,0.3,496.5,4.72e-09,5.50e+26,5,0,0
UBC_590,11.7,3616.6,534,53,0.0142,0.3,385.5,1.67e-08,2.54e+27,0,0,0
UBC_604,15.5,5567.0,822,82,0.0142,0.3,357.5,7.15e-10,1.11e+26,0,0,0
UBC_608,20.4,10154.4,1500,150,0.0142,0.3,772.5,2.51e-09,2.10e+26,0,0,0
UBC_609,5.6,37933.3,5604,560,0.0142,0.3,3176.0,4.63e-07,8.35e+28,0,0,0
UBC_612,16.2,2207.1,326,33,0.0142,0.3,178.5,6.40e-10,9.00e+25,0,0,0
UBC_633,13.8,3199.9,473,47,0.0142,0.3,204.5,6.45e-13,9.30e+21,0,0,0
UBC_646,22.9,2420.9,358,36,0.0142,0.3,125.5,3.84e-13,5.30e+21,0,0,0
UBC_652,10.0,1808.6,267,27,0.0142,0.3,120.5,1.01e-11,2.74e+23,0,0,0
UBC_654,8.9,19830.0,2930,293,0.0142,0.3,1517.5,5.55e-09,6.00e+26,0,0,0
UBC_659,27.5,3103.7,459,46,0.0142,0.3,143.5,0.00e+00,0.00e+00,0,0,0
UBC_672,10.5,3981.0,588,59,0.0142,0.3,366.0,1.52e-09,4.30e+30,10,5,0
UBC_80,29.5,3265.2,482,48,0.0117,0.5625,323.0,8.25e-10,3.29e+25,0,0,0
UBC_9,26.3,560.5,83,8,0.0142,0.3,71.5,0.00e+00,0.00e+00,0,0,0
UPK_126,13.5,877.5,130,13,0.0142,0.3,58.0,0.00e+00,0.00e+00,0,0,0
UPK_150,25.7,5209.9,770,77,0.0142,0.3,471.5,3.28e-08,2.22e+27,5,0,0
UPK_166,26.9,6416.4,948,95,0.0142,0.3,560.0,1.38e-08,1.09e+32,20,0,0
UPK_169,13.8,3582.2,529,53,0.0074,0.65,179.0,0.00e+00,0.00e+00,0,0,0
UPK_201,15.8,1914.0,283,28,0.0142,0.3,187.5,1.48e-09,1.00e+26,0,0,0
UPK_38,14.5,910.3,134,13,0.0128,0.675,81.0,6.90e-12,2.41e+23,0,0,0
UPK_385,11.7,354.3,52,5,0.0221,0.5283,43.5,2.96e-12,1.04e+23,0,0,0
UPK_398,10.7,897.5,133,13,0.0142,0.3,65.0,1.59e-12,5.65e+22,0,0,0
UPK_402,7.2,478.2,71,7,0.0142,0.3,56.5,1.56e-10,6.85e+24,0,0,0
UPK_422,19.5,1424.8,211,21,0.0142,0.3,48.5,0.00e+00,0.00e+00,0,0,0
UPK_436,25.7,4965.4,734,73,0.0141,0.68844,389.0,7.50e-09,5.60e+26,0,0,0
UPK_445,12.9,1722.2,254,25,0.0089,0.55385,126.0,6.40e-13,9.25e+21,0,0,0
UPK_599,19.5,2197.3,325,32,0.0142,0.3,204.5,1.77e-10,7.35e+24,0,0,0
UPK_607,15.5,1741.3,257,26,0.0142,0.3,113.5,2.56e-12,4.76e+22,0,0,0
UPK_621,26.3,2211.6,327,33,0.0148,0.67619,125.5,3.80e-12,9.40e+22,0,0,0
UPK_640,25.1,6078.2,898,90,0.0198,0.31059,321.0,3.68e-12,8.45e+22,0,0,0
Waterloo_1,16.6,9023.4,1333,133,0.0142,0.3,557.5,2.57e-11,8.05e+23,0,0,0
Westerlund_1,7.9,299575.2,44260,4426,0.0142,0.3,25429.5,1.81e-05,3.99e+34,60,35,10
Westerlund_2,4.0,27841.0,4113,411,0.0142,0.3,2520.5,9.40e-05,2.19e+31,0,5,5
vdBergh_80,6.5,1887.3,279,28,0.0126,0.71552,210.5,6.45e-09,1.23e+27,0,0,0
vdBergh_85,4.4,1861.6,275,28,0.0142,0.3,151.5,1.71e-09,1.81e+26,0,0,0
vdBergh_92,7.8,4959.4,733,73,0.0119,0.51786,252.5,0.00e+00,0.00e+00,0,0,0
